<?xml version="1.0" encoding="utf-8"?>
<modification>
	<name><![CDATA[Order Delete Button]]></name>
	<code><![CDATA[reds-order-delete-button]]></code>
	<version><![CDATA[3.0]]></version>
	<author><![CDATA[REDS]]></author>
	<link><![CDATA[https://www.prai.com.br/]]></link>
	
	<file path="admin/view/template/sale/order_list.twig">
		<operation error="skip">
			<search><![CDATA[
				<a href="{{ add }}" data-toggle="tooltip" title="{{ button_add }}" class="btn btn-primary"><i class="fa fa-plus"></i></a>
			]]></search>
			<add position="before"><![CDATA[
				<button id="button-delete-orders" formaction="{{ delete_orders }}" data-toggle="tooltip" title="{{ button_delete }}" class="btn btn-danger"><i class="fa fa-trash-o"></i></button>
			]]></add>
		</operation>
		<operation error="skip">
			<search><![CDATA[{{ footer }}]]></search>
			<add position="before"><![CDATA[
				<script>
				$('#button-delete-orders').on('click', function(e) {
					$('#form-order').attr('action', this.getAttribute('formAction'));
					
					if (confirm('{{ text_confirm }}')) {
						$('#form-order').submit();
					} else {
						return false;
					}
				});
				</script>
			]]></add>
		</operation>
	</file>
	
	<file path="admin/controller/sale/order.php">
		<operation error="skip">
			<search><![CDATA[
				$data['delete'] = str_replace('&amp;', '&', $this->url->link('sale/order/delete', 'user_token=' . $this->session->data['user_token'] . $url, true));
			]]></search>
			<add position="before"><![CDATA[
				$data['delete_orders'] = str_replace('&amp;', '&', $this->url->link('sale/order/deleteOrders', 'user_token=' . $this->session->data['user_token'] . $url, true));
			]]></add>
		</operation>
		<operation error="skip">
			<search><![CDATA[public function delete() {]]></search>
			<add position="before"><![CDATA[
				/*delete orders*/
				public function deleteOrders() {
					$this->load->language('sale/order');
					
					$this->document->setTitle($this->language->get('heading_title'));
					
					$this->load->model('sale/order');
					
					$url = '';
					
					if (isset($this->request->get['filter_order_id'])) {
						$url .= '&filter_order_id=' . $this->request->get['filter_order_id'];
					}
					
					if (isset($this->request->get['filter_customer'])) {
						$url .= '&filter_customer=' . urlencode(html_entity_decode($this->request->get['filter_customer'], ENT_QUOTES, 'UTF-8'));
					}
					
					if (isset($this->request->get['filter_order_status'])) {
						$url .= '&filter_order_status=' . $this->request->get['filter_order_status'];
					}
					
					if (isset($this->request->get['filter_total'])) {
						$url .= '&filter_total=' . $this->request->get['filter_total'];
					}
					
					if (isset($this->request->get['filter_date_added'])) {
						$url .= '&filter_date_added=' . $this->request->get['filter_date_added'];
					}
					
					if (isset($this->request->get['filter_date_modified'])) {
						$url .= '&filter_date_modified=' . $this->request->get['filter_date_modified'];
					}
					
					if (isset($this->request->post['selected']) && $this->validate()) {
						foreach ($this->request->post['selected'] as $order_id) {
							$this->model_sale_order->deleteOrder($order_id);
						}
						
						$this->session->data['success'] = $this->language->get('text_success');
					}
					
					$this->response->redirect($this->url->link('sale/order', 'user_token=' . $this->session->data['user_token'] . $url, true));
				}
			]]></add>
		</operation>
	</file>
	
	
	<file path="admin/model/sale/order.php">
		<operation error="skip">
			<search><![CDATA[public function getOrder($order_id) {]]></search>
			<add position="before"><![CDATA[
				/*delete orders*/
				public function deleteOrder($order_id) {
					$this->db->query("DELETE FROM `" . DB_PREFIX . "order` WHERE order_id = '" . (int)$order_id . "'");
					$this->db->query("DELETE FROM `" . DB_PREFIX . "order_product` WHERE order_id = '" . (int)$order_id . "'");
					$this->db->query("DELETE FROM `" . DB_PREFIX . "order_option` WHERE order_id = '" . (int)$order_id . "'");
					$this->db->query("DELETE FROM `" . DB_PREFIX . "order_voucher` WHERE order_id = '" . (int)$order_id . "'");
					$this->db->query("DELETE FROM `" . DB_PREFIX . "order_total` WHERE order_id = '" . (int)$order_id . "'");
					$this->db->query("DELETE FROM `" . DB_PREFIX . "order_history` WHERE order_id = '" . (int)$order_id . "'");
					$this->db->query("DELETE `or`, ort FROM `" . DB_PREFIX . "order_recurring` `or`, `" . DB_PREFIX . "order_recurring_transaction` `ort` WHERE order_id = '" . (int)$order_id . "' AND ort.order_recurring_id = `or`.order_recurring_id");
					$this->db->query("DELETE FROM `" . DB_PREFIX . "customer_transaction` WHERE order_id = '" . (int)$order_id . "'");
					
					// Delete voucher data as well
					$this->db->query("DELETE FROM `" . DB_PREFIX . "voucher` WHERE order_id = '" . (int)$order_id . "'");
					$this->db->query("DELETE FROM `" . DB_PREFIX . "voucher_history` WHERE order_id = '" . (int)$order_id . "'");
					
				}
			]]></add>
		</operation>
	</file>
	
</modification>
